customer_id,customer_name,customer_segment,region_id
1,Mila Taylor,Consumer,2
2,Ava Hill,Home Office,2
3,Amelia Thomas,Consumer,6
4,Isla Wilson,Home Office,5
5,Sofia Taylor,Consumer,2
6,Evelyn Hill,Consumer,6
7,Nora King,Consumer,5
8,Liam Wright,Home Office,6
9,Aria Johnson,Consumer,6
10,Ava Brown,Corporate,6
11,Mason Thomas,Corporate,2
12,Grace Scott,Consumer,1
13,Ava King,Consumer,2
14,Mason Adams,Corporate,1
15,Mila Adams,Corporate,3
16,Leo Clark,Consumer,1
17,Isla Hall,Corporate,4
18,Jack Roberts,Consumer,2
19,Chloe Parker,Consumer,6
20,Ava Turner,Consumer,2
21,Chloe Davies,Consumer,6
22,Aiden Clark,Consumer,6
23,Ethan Roberts,Corporate,6
24,Olivia Evans,Consumer,6
25,Scarlett White,Consumer,5
26,Emma Brown,Consumer,3
27,Lucas Taylor,Home Office,6
28,James Parker,Consumer,5
29,James Scott,Corporate,3
30,Amelia Phillips,Consumer,2
31,Noah Hill,Consumer,3
32,Ella King,Consumer,2
33,Emma Ward,Consumer,1
34,Lucas Brown,Consumer,6
35,Leo Walker,Consumer,3
36,Layla Green,Home Office,2
37,Henry Cooper,Consumer,6
38,Zoe Harris,Home Office,3
39,Jack Evans,Consumer,6
40,Aiden Brown,Consumer,4
41,Noah Baker,Consumer,6
42,Isla Turner,Consumer,6
43,Mia Brown,Consumer,4
44,Zoe Thomas,Consumer,2
45,Zoe Taylor,Consumer,2
46,Lucas Roberts,Consumer,5
47,Ella Green,Home Office,1
48,Layla Harris,Home Office,6
49,Sophia Harris,Consumer,6
50,James Evans,Corporate,3
51,Evelyn Roberts,Consumer,5
52,Aiden Ward,Consumer,6
53,Evelyn Green,Consumer,2
54,Liam Scott,Consumer,4
55,Mila Davies,Home Office,1
56,Leo Hill,Consumer,2
57,Isla Davies,Home Office,6
58,Ella Lewis,Corporate,6
59,Amelia Ward,Consumer,5
60,Mila Adams,Consumer,1
61,Leo Thomas,Consumer,3
62,Evelyn White,Consumer,5
63,Layla Turner,Consumer,1
64,Scarlett Johnson,Consumer,5
65,Isla Campbell,Consumer,6
66,Noah Phillips,Consumer,4
67,Ethan Lewis,Consumer,6
68,Amelia Brown,Consumer,5
69,Mason Ward,Home Office,2
70,Jack Cooper,Consumer,6
71,Aiden White,Home Office,6
72,Mason Green,Corporate,5
73,Harper Lewis,Corporate,5
74,Nora Ward,Corporate,4
75,Mila Hall,Home Office,1
76,Olivia Roberts,Consumer,6
77,Olivia Thomas,Consumer,6
78,Sofia King,Corporate,3
79,Leo Roberts,Corporate,1
80,Sofia Wright,Consumer,6
81,Aria Cooper,Consumer,1
82,Jack Lewis,Home Office,4
83,James Thomas,Consumer,4
84,Olivia Allen,Consumer,4
85,Harper Brown,Consumer,5
86,Scarlett Johnson,Consumer,5
87,Zoe Taylor,Consumer,6
88,Olivia Green,Home Office,4
89,Sophia Phillips,Home Office,1
90,Evelyn Clark,Consumer,5
91,Henry Brown,Corporate,2
92,Lucas Lewis,Consumer,1
93,Henry Hall,Consumer,3
94,Grace Roberts,Home Office,1
95,Leo Parker,Home Office,6
96,Ava Baker,Consumer,5
97,Sofia Taylor,Consumer,5
98,Evelyn Cooper,Consumer,1
99,Leo Turner,Corporate,4
100,Amelia Turner,Consumer,5
101,Mila White,Home Office,2
102,Emma Walker,Consumer,3
103,Aria Davies,Corporate,1
104,Ella Smith,Consumer,5
105,Sofia Cooper,Corporate,1
106,Sofia Roberts,Consumer,5
107,Grace Turner,Consumer,6
108,Sophia Allen,Home Office,3
109,Hazel Taylor,Consumer,3
110,Zoe Green,Consumer,3
111,Mia Campbell,Consumer,6
112,Mila Allen,Consumer,6
113,Henry Evans,Consumer,2
114,Olivia Harris,Consumer,5
115,Scarlett Davies,Consumer,6
116,Leo Turner,Consumer,6
117,Hazel Allen,Corporate,6
118,Hazel Smith,Corporate,5
119,Henry White,Consumer,5
120,Harper Smith,Consumer,1
121,Emma Ward,Consumer,6
122,James Cooper,Consumer,6
123,Layla Phillips,Consumer,1
124,Mia Thomas,Consumer,5
125,Noah Thomas,Consumer,2
126,Nora Wright,Consumer,1
127,Liam Brown,Corporate,2
128,Sofia Young,Consumer,2
129,Layla Brown,Consumer,1
130,Scarlett King,Consumer,3
131,Scarlett Wilson,Consumer,4
132,Olivia Baker,Home Office,5
133,Harper King,Consumer,5
134,Sophia Roberts,Consumer,4
135,Grace Parker,Home Office,2
136,Henry Clark,Consumer,1
137,Mason Ward,Corporate,4
138,Leo Turner,Consumer,4
139,Sofia Adams,Consumer,2
140,Mason Adams,Consumer,1
141,Mia Lewis,Consumer,1
142,Evelyn Green,Consumer,3
143,James Hall,Corporate,4
144,Nora Allen,Consumer,6
145,Ella Taylor,Consumer,1
146,Isla Thomas,Corporate,4
147,Liam White,Home Office,1
148,Ava Wright,Consumer,1
149,Leo Thomas,Home Office,5
150,Jack Thomas,Corporate,5
151,Ava Brown,Corporate,3
152,Aiden Green,Home Office,1
153,Noah Thomas,Corporate,4
154,Liam Cooper,Consumer,3
155,Noah Parker,Corporate,4
156,Ethan Brown,Consumer,1
157,Grace Thomas,Consumer,2
158,Amelia Baker,Consumer,6
159,Harper Evans,Consumer,6
160,Leo Wilson,Corporate,2
161,Sofia Ward,Consumer,5
162,Nora Wright,Corporate,4
163,Jack Young,Home Office,2
164,Isla Phillips,Consumer,6
165,Harper Phillips,Corporate,2
166,Aria Evans,Consumer,1
167,Emma Taylor,Consumer,2
168,Evelyn Clark,Corporate,6
169,James Clark,Consumer,5
170,Aria Hall,Consumer,3
171,Zoe Hill,Consumer,6
172,Noah Baker,Consumer,6
173,Mila Green,Corporate,3
174,Emma Johnson,Home Office,4
175,Lucas Hill,Consumer,6
176,Ethan Phillips,Consumer,2
177,Zoe Taylor,Consumer,6
178,Isla Evans,Consumer,4
179,Mason King,Consumer,5
180,Ella Wilson,Home Office,5
181,Aria Davies,Consumer,2
182,Amelia Hall,Consumer,6
183,Isla Parker,Consumer,6
184,Hazel Brown,Home Office,2
185,Ella Phillips,Consumer,3
186,Zoe Parker,Consumer,3
187,Leo Taylor,Consumer,1
188,Noah Green,Consumer,6
189,Leo Campbell,Consumer,5
190,Ava Brown,Consumer,5
191,Hazel Turner,Consumer,6
192,Zoe Thomas,Consumer,2
193,Sophia Clark,Consumer,1
194,Harper Young,Corporate,3
195,Mason Parker,Consumer,3
196,Lucas Cooper,Corporate,4
197,Noah Davies,Consumer,1
198,Lucas Smith,Corporate,1
199,Lucas Roberts,Consumer,5
200,Hazel Phillips,Corporate,6
201,Chloe Hall,Home Office,4
202,Mia Clark,Consumer,2
203,Aiden Hill,Consumer,2
204,Chloe King,Home Office,4
205,Evelyn Adams,Consumer,1
206,Harper Wilson,Home Office,3
207,Mason Walker,Consumer,2
208,Mason Johnson,Consumer,1
209,Jack Hill,Home Office,6
210,Leo Johnson,Home Office,1
211,Sofia White,Home Office,4
212,Noah Johnson,Consumer,3
213,Jack Young,Consumer,4
214,Grace Ward,Consumer,1
215,Zoe Allen,Corporate,2
216,Sophia Johnson,Consumer,2
217,Grace Brown,Consumer,6
218,Zoe Davies,Consumer,5
219,Liam Scott,Consumer,6
220,Liam Baker,Corporate,5
221,Zoe Thomas,Corporate,6
222,Lucas Taylor,Consumer,4
223,Nora Wright,Consumer,6
224,Isla Wright,Home Office,1
225,Henry Johnson,Consumer,5
226,Henry Brown,Consumer,2
227,Aria Baker,Consumer,3
228,Jack Wright,Consumer,1
229,Grace White,Consumer,6
230,Hazel Roberts,Consumer,6
231,Mason Baker,Corporate,6
232,Aiden White,Corporate,4
233,Isla Roberts,Consumer,6
234,Lucas Wilson,Consumer,2
235,Evelyn Green,Corporate,6
236,Mia Hall,Consumer,6
237,Ethan Ward,Consumer,6
238,Scarlett Ward,Consumer,4
239,Liam Smith,Consumer,2
240,Ella Scott,Corporate,3
241,Jack Taylor,Consumer,3
242,Liam King,Consumer,2
243,Mason Allen,Consumer,2
244,Amelia Wilson,Consumer,4
245,Hazel Harris,Consumer,4
246,Nora Brown,Home Office,3
247,Nora Thomas,Consumer,4
248,James Walker,Consumer,1
249,Sophia Hall,Consumer,3
250,Layla King,Consumer,4
251,Aiden Walker,Corporate,4
252,Henry Phillips,Corporate,6
253,Mila Allen,Consumer,6
254,Ava Baker,Consumer,2
255,Layla King,Home Office,5
256,Mia Ward,Home Office,2
257,Evelyn Taylor,Home Office,1
258,Nora Wilson,Consumer,3
259,Amelia Taylor,Consumer,4
260,Nora Taylor,Consumer,2
261,Sofia King,Consumer,6
262,Olivia Roberts,Consumer,2
263,Mia Scott,Consumer,5
264,Mason Adams,Consumer,3
265,Ethan Evans,Corporate,2
266,Evelyn Green,Consumer,2
267,Zoe Roberts,Consumer,5
268,Grace Young,Consumer,4
269,Amelia Cooper,Consumer,6
270,Hazel Parker,Consumer,6
271,Noah Brown,Consumer,1
272,Mila Clark,Consumer,6
273,Layla Roberts,Home Office,6
274,Noah Smith,Consumer,2
275,Ethan Turner,Consumer,4
276,Olivia Green,Home Office,6
277,Amelia Davies,Consumer,3
278,Sofia Hall,Consumer,6
279,Leo Adams,Consumer,6
280,Aria King,Consumer,5
281,Ava Taylor,Consumer,4
282,Liam Cooper,Consumer,4
283,Aiden Cooper,Home Office,5
284,Olivia King,Consumer,2
285,Noah Campbell,Consumer,1
286,James Wright,Consumer,4
287,Leo Wilson,Consumer,2
288,Aria Wilson,Consumer,4
289,Noah Walker,Consumer,6
290,James Cooper,Consumer,5
291,Hazel Phillips,Corporate,3
292,Zoe Johnson,Home Office,5
293,Nora Harris,Consumer,1
294,Mason Baker,Consumer,5
295,Isla Baker,Consumer,2
296,Emma Harris,Home Office,1
297,Scarlett King,Consumer,2
298,Nora Parker,Consumer,2
299,Aria Scott,Consumer,1
300,Sofia Wilson,Corporate,1
301,Hazel Ward,Consumer,2
302,Isla Parker,Consumer,6
303,Sophia Phillips,Consumer,4
304,Chloe Davies,Consumer,3
305,Nora Clark,Consumer,6
306,Ava Davies,Corporate,4
307,Sofia Ward,Consumer,3
308,Ethan Phillips,Home Office,4
309,Hazel Clark,Corporate,2
310,Chloe Baker,Consumer,2
311,Zoe Hill,Consumer,1
312,Chloe Thomas,Consumer,5
313,Amelia Davies,Corporate,5
314,Chloe Adams,Consumer,6
315,Emma Lewis,Consumer,3
316,Zoe Johnson,Home Office,6
317,Zoe Young,Corporate,4
318,Isla Evans,Consumer,4
319,Layla Ward,Corporate,1
320,Ella Harris,Corporate,1
321,Mia Campbell,Corporate,6
322,Chloe Parker,Consumer,1
323,Isla Thomas,Consumer,2
324,Ava Baker,Home Office,1
325,Mason Lewis,Consumer,4
326,Ethan Roberts,Consumer,3
327,Zoe Brown,Consumer,4
328,Scarlett Roberts,Consumer,6
329,James Green,Corporate,6
330,Grace Lewis,Home Office,2
331,Evelyn Campbell,Corporate,1
332,Leo White,Home Office,3
333,Ava Taylor,Corporate,6
334,Nora Roberts,Consumer,6
335,Sophia Wright,Consumer,1
336,Amelia Johnson,Corporate,2
337,Emma Scott,Home Office,3
338,Aria Harris,Corporate,5
339,Sofia Phillips,Home Office,1
340,Ethan Clark,Consumer,6
341,Henry Allen,Corporate,4
342,Emma Lewis,Consumer,2
343,Nora Wright,Consumer,3
344,Mason Roberts,Consumer,3
345,Noah Adams,Consumer,1
346,Aria Smith,Consumer,6
347,Grace Ward,Consumer,6
348,Chloe King,Consumer,2
349,Evelyn Hill,Consumer,3
350,Sofia Hill,Consumer,5
351,Evelyn Evans,Consumer,4
352,James Clark,Consumer,1
353,Liam Baker,Consumer,6
354,Hazel White,Home Office,1
355,Henry White,Corporate,1
356,Evelyn Parker,Consumer,6
357,Emma Hill,Consumer,1
358,Nora Walker,Consumer,2
359,Grace Walker,Consumer,5
360,Evelyn Clark,Home Office,4
361,Ethan Lewis,Consumer,6
362,Aiden Walker,Consumer,2
363,Leo Wilson,Consumer,4
364,Mason Clark,Home Office,1
365,Evelyn Lewis,Consumer,3
366,Evelyn Hill,Consumer,3
367,Nora Davies,Corporate,6
368,Henry Wright,Consumer,5
369,Mia Lewis,Consumer,3
370,Leo Campbell,Consumer,1
371,Ava Walker,Consumer,5
372,Mia Evans,Consumer,4
373,Aria Phillips,Consumer,1
374,Jack Scott,Corporate,6
375,Mila White,Consumer,6
376,Ella Hall,Consumer,1
377,Ella Baker,Corporate,3
378,Mason Allen,Consumer,1
379,Harper Phillips,Consumer,1
380,Nora Phillips,Consumer,5
381,Sofia Davies,Consumer,3
382,Evelyn Brown,Corporate,3
383,Mia Allen,Home Office,6
384,Evelyn Green,Consumer,6
385,Henry White,Consumer,5
386,Liam Campbell,Corporate,2
387,Scarlett Thomas,Home Office,1
388,Evelyn Walker,Consumer,3
389,Isla Phillips,Home Office,5
390,Mason Wilson,Consumer,4
391,Ava Johnson,Consumer,1
392,Isla Young,Corporate,1
393,Henry Parker,Corporate,4
394,Scarlett Brown,Consumer,1
395,Ella Clark,Consumer,5
396,Nora Green,Consumer,1
397,Jack Evans,Corporate,6
398,Aiden Adams,Consumer,3
399,Lucas Young,Corporate,3
400,Lucas Thomas,Consumer,5
401,Olivia Green,Consumer,2
402,Aiden Smith,Corporate,5
403,Nora Turner,Consumer,2
404,Zoe Turner,Home Office,1
405,Nora Taylor,Corporate,2
406,Scarlett Clark,Consumer,4
407,Isla Davies,Consumer,2
408,Chloe Adams,Corporate,4
409,Grace Hall,Consumer,5
410,Noah King,Home Office,1
411,Isla Ward,Consumer,6
412,Zoe Taylor,Consumer,6
413,Ella Wilson,Corporate,4
414,Chloe Hall,Consumer,6
415,Evelyn Allen,Consumer,1
416,Leo Scott,Consumer,6
417,Ethan Turner,Consumer,3
418,Nora Hall,Consumer,3
419,Henry Campbell,Consumer,6
420,Sofia Cooper,Consumer,1
421,Grace Clark,Consumer,6
422,Layla Ward,Corporate,2
423,Leo Hall,Corporate,6
424,Nora Davies,Consumer,6
425,Sofia Parker,Consumer,5
426,Harper Hall,Corporate,6
427,Amelia Turner,Consumer,5
428,Isla Campbell,Consumer,2
429,Mila Roberts,Home Office,6
430,Scarlett Turner,Consumer,1
431,Grace Young,Corporate,1
432,Mila Thomas,Consumer,6
433,Amelia Hall,Corporate,4
434,Liam Adams,Consumer,5
435,Mia Thomas,Consumer,4
436,Amelia White,Consumer,2
437,Ethan Cooper,Home Office,5
438,Leo Brown,Corporate,4
439,Olivia Wilson,Consumer,1
440,Isla Lewis,Consumer,1
441,Aiden Wilson,Home Office,5
442,Aiden Evans,Consumer,1
443,Liam Clark,Consumer,6
444,Aria White,Corporate,4
445,Leo Hall,Consumer,4
446,Aria Johnson,Corporate,3
447,Mason Campbell,Consumer,4
448,Aria Lewis,Consumer,5
449,Nora Turner,Consumer,5
450,Jack Adams,Consumer,6
451,Ava Parker,Consumer,2
452,Nora Turner,Home Office,2
453,Jack Lewis,Consumer,6
454,Harper Smith,Corporate,3
455,James Walker,Consumer,6
456,Scarlett Lewis,Consumer,3
457,Zoe Cooper,Consumer,5
458,Layla Clark,Consumer,4
459,Leo Hill,Consumer,6
460,Sofia King,Consumer,4
461,Chloe Scott,Consumer,5
462,Nora Thomas,Consumer,4
463,Harper Thomas,Consumer,4
464,Amelia Clark,Corporate,5
465,Harper Smith,Corporate,2
466,Lucas White,Consumer,4
467,Evelyn Baker,Consumer,1
468,Chloe Lewis,Corporate,6
469,Sofia Davies,Consumer,6
470,Layla Hall,Consumer,3
471,Hazel Wilson,Consumer,2
472,Henry King,Consumer,1
473,Ava Ward,Corporate,4
474,Lucas Wright,Home Office,6
475,Jack Baker,Consumer,5
476,Ava Brown,Corporate,4
477,Mila Clark,Consumer,1
478,Olivia Parker,Consumer,6
479,Ella Davies,Consumer,4
480,Noah Roberts,Consumer,2
481,Lucas White,Consumer,3
482,Mason Hall,Corporate,1
483,Ethan White,Consumer,2
484,Scarlett Cooper,Home Office,2
485,Lucas Roberts,Consumer,2
486,Scarlett Campbell,Corporate,6
487,Aria Roberts,Corporate,2
488,Layla Brown,Consumer,3
489,Harper Smith,Consumer,1
490,Sofia King,Consumer,5
491,Noah Harris,Corporate,3
492,Isla Green,Consumer,5
493,Liam Turner,Consumer,4
494,Mila Johnson,Consumer,5
495,Scarlett Smith,Consumer,6
496,Isla Evans,Consumer,1
497,Layla Smith,Consumer,2
498,Henry Wilson,Consumer,6
499,Isla Wilson,Corporate,2
500,Harper Baker,Corporate,3
501,Emma Wright,Consumer,1
502,Mason Hall,Consumer,1
503,Aiden Roberts,Consumer,6
504,Scarlett Harris,Consumer,4
505,Sophia Scott,Home Office,3
506,Henry Hill,Consumer,1
507,Aiden Taylor,Consumer,6
508,Scarlett Campbell,Consumer,6
509,Sophia Walker,Consumer,3
510,Emma Wright,Home Office,5
511,Ava Ward,Consumer,2
512,Mia Wright,Consumer,2
513,Evelyn Ward,Home Office,3
514,Lucas Lewis,Consumer,4
515,Aiden Evans,Consumer,1
516,Liam Wright,Consumer,2
517,Aiden Campbell,Consumer,6
518,Mila Thomas,Consumer,4
519,Emma Adams,Corporate,6
520,Scarlett Walker,Corporate,1
521,Zoe Baker,Consumer,4
522,Henry Phillips,Consumer,3
523,Emma Phillips,Home Office,1
524,Jack Phillips,Consumer,6
525,Noah Harris,Consumer,3
526,Leo Clark,Consumer,5
527,Evelyn Harris,Consumer,1
528,Liam Allen,Consumer,6
529,Mila White,Corporate,1
530,Ava Parker,Consumer,2
531,Aria Campbell,Consumer,1
532,Harper Taylor,Consumer,5
533,Aria Harris,Home Office,2
534,Mila Cooper,Home Office,6
535,Layla Hall,Consumer,2
536,Aiden Wilson,Corporate,6
537,Aria Davies,Consumer,1
538,Sofia Allen,Home Office,3
539,Mila Roberts,Consumer,4
540,Henry Phillips,Consumer,1
541,Hazel King,Consumer,6
542,Scarlett Young,Home Office,5
543,Ella Clark,Consumer,2
544,Layla Hill,Corporate,2
545,Jack Roberts,Consumer,4
546,Ethan Parker,Consumer,6
547,Isla Campbell,Consumer,6
548,Hazel Brown,Corporate,1
549,Amelia Cooper,Consumer,6
550,Ella Thomas,Home Office,6
551,Scarlett Hall,Home Office,2
552,Jack Scott,Consumer,1
553,Evelyn Lewis,Home Office,2
554,Ethan Smith,Consumer,5
555,Harper Parker,Consumer,3
556,Ethan Davies,Home Office,1
557,Harper Evans,Consumer,6
558,James Phillips,Consumer,6
559,Amelia White,Consumer,6
560,Amelia Cooper,Consumer,4
561,Henry Adams,Consumer,6
562,Nora Roberts,Consumer,1
563,Leo Smith,Consumer,4
564,Grace Evans,Home Office,5
565,Liam Thomas,Corporate,1
566,Sofia Clark,Corporate,2
567,Harper King,Consumer,6
568,Scarlett Thomas,Consumer,5
569,Aiden Young,Corporate,3
570,Mila Adams,Consumer,3
571,Harper Hall,Corporate,4
572,Chloe Smith,Consumer,3
573,Liam Walker,Corporate,5
574,Isla Lewis,Consumer,1
575,Aiden Thomas,Consumer,1
576,Mia Baker,Corporate,3
577,Jack Harris,Consumer,5
578,Harper King,Corporate,3
579,Grace Harris,Home Office,3
580,Aria Hill,Consumer,4
581,Leo White,Consumer,5
582,James Adams,Consumer,5
583,Ella Roberts,Corporate,2
584,Mia Roberts,Corporate,2
585,Isla Taylor,Consumer,2
586,Sofia Evans,Consumer,5
587,Ethan Taylor,Consumer,2
588,Sofia King,Consumer,1
589,Scarlett Adams,Home Office,5
590,Sophia Evans,Corporate,6
591,Mason Hill,Consumer,6
592,Harper Roberts,Home Office,2
593,Sofia Wright,Consumer,5
594,Scarlett Allen,Consumer,1
595,Henry Walker,Home Office,3
596,Emma Campbell,Consumer,4
597,Mason Walker,Consumer,6
598,Isla Harris,Consumer,3
599,Sophia Walker,Home Office,5
600,Ava Adams,Corporate,2
601,Leo Wilson,Home Office,2
602,Amelia Johnson,Corporate,5
603,Noah King,Home Office,1
604,Mia Adams,Consumer,5
605,Olivia Green,Consumer,6
606,Zoe Turner,Consumer,6
607,Harper Taylor,Consumer,5
608,Zoe Smith,Consumer,1
609,Jack Walker,Consumer,1
610,Harper Young,Consumer,2
611,Ella White,Consumer,2
612,Sophia Johnson,Consumer,5
613,Amelia Parker,Corporate,6
614,Harper Taylor,Consumer,5
615,Layla Brown,Consumer,6
616,Lucas Young,Consumer,1
617,Liam Wright,Consumer,6
618,Mila Baker,Home Office,4
619,Noah Wilson,Consumer,6
620,Olivia Phillips,Corporate,1
621,Jack Walker,Consumer,4
622,Liam Thomas,Home Office,1
623,Emma King,Corporate,5
624,Scarlett Clark,Consumer,6
625,Henry Scott,Consumer,4
626,Chloe Scott,Consumer,2
627,Isla Turner,Consumer,5
628,Grace Lewis,Consumer,6
629,Ella Ward,Consumer,4
630,Ella Walker,Corporate,4
631,Zoe Wright,Consumer,2
632,Aria Walker,Consumer,1
633,Jack Scott,Consumer,4
634,Noah Scott,Consumer,6
635,Sofia Taylor,Consumer,5
636,Scarlett Evans,Consumer,4
637,Mila Evans,Consumer,2
638,Amelia Baker,Consumer,3
639,Liam Davies,Consumer,1
640,Isla Davies,Consumer,6
641,Leo Brown,Consumer,4
642,Sophia Smith,Consumer,4
643,Aria Hall,Consumer,2
644,Aiden Scott,Consumer,1
645,Harper Walker,Consumer,2
646,Noah Thomas,Consumer,1
647,Mia Adams,Consumer,6
648,Mia Adams,Consumer,4
649,Zoe Hall,Consumer,6
650,Liam Baker,Consumer,1
651,Isla Ward,Consumer,1
652,Amelia Phillips,Home Office,4
653,Chloe Green,Corporate,4
654,Jack Baker,Consumer,6
655,Chloe Ward,Consumer,2
656,Mason Clark,Consumer,3
657,Emma King,Corporate,6
658,Isla Green,Consumer,4
659,Olivia Ward,Home Office,6
660,Amelia Campbell,Consumer,6
661,Olivia Brown,Consumer,4
662,Noah Davies,Consumer,2
663,Chloe Walker,Corporate,4
664,Henry Hill,Consumer,1
665,Layla Wright,Consumer,3
666,Hazel Walker,Consumer,1
667,Ella Taylor,Consumer,5
668,Ella Adams,Consumer,1
669,Mia Adams,Consumer,6
670,Lucas Roberts,Consumer,5
671,Grace King,Consumer,4
672,Harper Hall,Home Office,4
673,Liam Scott,Home Office,4
674,Noah Cooper,Consumer,5
675,Aria Hill,Consumer,6
676,Ethan Scott,Consumer,4
677,Amelia Smith,Consumer,1
678,Liam Thomas,Consumer,2
679,Evelyn Campbell,Consumer,4
680,Zoe Wright,Consumer,1
681,Jack Smith,Corporate,3
682,Scarlett Baker,Corporate,5
683,Layla Roberts,Consumer,5
684,Jack Johnson,Consumer,5
685,Scarlett Turner,Corporate,2
686,Sophia Young,Corporate,3
687,Grace Green,Corporate,6
688,Ella Ward,Consumer,6
689,Amelia Davies,Consumer,2
690,Jack Clark,Consumer,3
691,Mila Campbell,Corporate,5
692,Harper Brown,Consumer,3
693,Harper Harris,Consumer,3
694,Aria White,Consumer,6
695,Ethan Baker,Consumer,1
696,Emma Parker,Consumer,5
697,Sophia White,Consumer,3
698,Aria Adams,Consumer,3
699,Harper Walker,Consumer,5
700,Evelyn Lewis,Consumer,3
701,Layla Turner,Consumer,6
702,Leo Johnson,Consumer,5
703,Ella Brown,Consumer,4
704,Ethan Roberts,Home Office,4
705,Ethan Taylor,Consumer,3
706,Scarlett Lewis,Consumer,1
707,Zoe Allen,Consumer,1
708,Layla Smith,Consumer,5
709,Evelyn Parker,Home Office,2
710,Leo Hall,Home Office,1
711,Aria Johnson,Home Office,2
712,Mason Allen,Corporate,4
713,James Scott,Consumer,6
714,Scarlett Young,Consumer,6
715,Mila Hall,Consumer,3
716,Scarlett Johnson,Consumer,4
717,Mason Roberts,Consumer,4
718,Leo Wilson,Corporate,5
719,Hazel Walker,Consumer,3
720,Ella Cooper,Consumer,2
721,Aiden Young,Consumer,1
722,Emma Smith,Home Office,2
723,Mila Scott,Consumer,4
724,Chloe Thomas,Consumer,4
725,Aiden Davies,Consumer,3
726,Mia King,Consumer,4
727,Ava King,Home Office,6
728,Aria Brown,Consumer,4
729,Isla Campbell,Consumer,4
730,Hazel Taylor,Consumer,3
731,Ella Taylor,Consumer,3
732,Mila Campbell,Home Office,2
733,Olivia Young,Corporate,6
734,Hazel Adams,Home Office,4
735,Mia Allen,Corporate,1
736,Aiden Roberts,Corporate,1
737,Aria Campbell,Home Office,2
738,Harper Young,Consumer,6
739,Isla Hall,Home Office,3
740,Leo Wilson,Home Office,4
741,Lucas Evans,Consumer,4
742,Hazel Scott,Consumer,2
743,Grace Hill,Consumer,5
744,Nora Wilson,Consumer,4
745,Zoe Brown,Home Office,4
746,Amelia Turner,Consumer,6
747,Chloe Parker,Corporate,6
748,Aria White,Home Office,4
749,Hazel Phillips,Consumer,2
750,Grace Roberts,Consumer,6
751,Layla Smith,Home Office,6
752,Mia Hill,Home Office,1
753,Mia Campbell,Consumer,3
754,Jack Wright,Home Office,4
755,Evelyn Young,Consumer,1
756,Zoe Wilson,Corporate,5
757,Ella King,Consumer,5
758,Harper Harris,Consumer,2
759,Ethan King,Consumer,6
760,Scarlett King,Home Office,2
761,Lucas Hall,Home Office,1
762,Hazel White,Corporate,5
763,Zoe Evans,Consumer,2
764,Aiden Thomas,Corporate,5
765,Jack Lewis,Consumer,5
766,Isla Parker,Corporate,5
767,Scarlett Clark,Corporate,5
768,Noah White,Consumer,6
769,Sofia Young,Consumer,1
770,Aiden Ward,Consumer,1
771,Chloe Lewis,Consumer,3
772,Lucas Baker,Consumer,3
773,Chloe Campbell,Home Office,6
774,Mila Wilson,Home Office,1
775,Harper Johnson,Consumer,4
776,Olivia Allen,Consumer,1
777,Jack White,Corporate,6
778,Zoe Taylor,Consumer,1
779,Zoe Parker,Consumer,3
780,Ella Taylor,Consumer,2
781,Grace Ward,Home Office,6
782,Ella Smith,Home Office,3
783,Sofia Wilson,Consumer,2
784,Aria Parker,Consumer,2
785,Mila Wilson,Consumer,6
786,Liam Young,Consumer,3
787,Chloe Roberts,Home Office,1
788,Ethan Scott,Consumer,4
789,Aiden Lewis,Consumer,4
790,Mila Brown,Corporate,1
791,Zoe White,Corporate,2
792,Zoe Baker,Corporate,6
793,Zoe King,Consumer,4
794,Lucas White,Corporate,1
795,Mila Adams,Consumer,2
796,Nora Turner,Consumer,2
797,Harper Parker,Consumer,4
798,Leo Johnson,Consumer,5
799,Henry Brown,Consumer,1
800,Isla Green,Consumer,1
801,Evelyn Ward,Consumer,5
802,Mia Thomas,Consumer,6
803,Sofia Brown,Corporate,2
804,Aria Taylor,Consumer,2
805,Scarlett Green,Consumer,3
806,Aiden Parker,Consumer,6
807,Emma Hall,Home Office,6
808,Sophia Adams,Home Office,3
809,Mia Cooper,Home Office,3
810,Ava Johnson,Corporate,1
811,Ethan Phillips,Consumer,4
812,Noah Walker,Corporate,4
813,James Harris,Consumer,1
814,Aria Wilson,Consumer,5
815,Isla Allen,Corporate,6
816,Aria Wright,Corporate,6
817,Evelyn Phillips,Consumer,2
818,Sophia Davies,Consumer,6
819,Sophia Brown,Consumer,1
820,Henry Parker,Consumer,6
821,Lucas Scott,Consumer,3
822,Evelyn Thomas,Consumer,2
823,Harper Ward,Consumer,3
824,Jack Wilson,Consumer,5
825,Isla Hall,Corporate,6
826,Mila Roberts,Consumer,2
827,Ella Roberts,Home Office,3
828,Evelyn Smith,Consumer,2
829,Nora Phillips,Consumer,4
830,Ella Cooper,Consumer,1
831,Mia Baker,Consumer,5
832,Leo Davies,Consumer,5
833,Liam Hall,Consumer,5
834,James Wright,Consumer,6
835,Mia Green,Consumer,3
836,Aria Adams,Consumer,1
837,Amelia Hall,Corporate,2
838,Zoe Walker,Consumer,1
839,Mason Lewis,Consumer,3
840,Zoe Young,Consumer,1
841,Emma Thomas,Consumer,4
842,Lucas Wright,Consumer,4
843,James Wright,Consumer,1
844,Mia Adams,Consumer,6
845,Mia Smith,Consumer,5
846,Layla Baker,Corporate,5
847,Lucas Roberts,Home Office,4
848,Ava Wright,Consumer,1
849,Zoe Baker,Corporate,5
850,Scarlett Hill,Consumer,1
851,Noah Ward,Consumer,1
852,Henry Hill,Consumer,5
853,Harper Campbell,Consumer,3
854,Nora Cooper,Consumer,1
855,Mia Turner,Home Office,5
856,Chloe Thomas,Consumer,6
857,Henry Phillips,Corporate,6
858,James Thomas,Consumer,6
859,Mila Evans,Consumer,3
860,Henry Roberts,Consumer,1
861,Evelyn Turner,Consumer,2
862,Sofia Turner,Consumer,5
863,Evelyn Baker,Home Office,1
864,Layla Wilson,Corporate,6
865,Mila Taylor,Consumer,6
866,Nora Green,Consumer,6
867,Mila Johnson,Consumer,3
868,Mia Phillips,Consumer,2
869,Ella Johnson,Corporate,4
870,Jack Harris,Consumer,4
871,Sofia Wilson,Consumer,6
872,Liam Ward,Consumer,3
873,Mia White,Consumer,2
874,Sofia Clark,Consumer,6
875,Sophia Evans,Home Office,3
876,Olivia Phillips,Consumer,5
877,Leo Cooper,Consumer,1
878,James Allen,Consumer,4
879,Grace Ward,Home Office,1
880,Amelia Campbell,Consumer,4
881,Sophia Roberts,Consumer,4
882,Hazel Campbell,Consumer,1
883,Harper Phillips,Consumer,6
884,Mia Hill,Consumer,4
885,Zoe White,Consumer,1
886,Chloe Taylor,Consumer,3
887,Ella Brown,Corporate,1
888,Olivia Turner,Corporate,6
889,Isla Parker,Consumer,6
890,Evelyn Hill,Consumer,6
891,Evelyn Lewis,Home Office,6
892,Zoe Phillips,Home Office,5
893,Leo Harris,Consumer,4
894,Liam Phillips,Consumer,3
895,Lucas Smith,Consumer,1
896,Amelia King,Consumer,6
897,Emma Hall,Home Office,6
898,James Baker,Home Office,6
899,Sofia Baker,Home Office,4
900,Amelia Wright,Consumer,5
901,Lucas Campbell,Corporate,3
902,Mila Harris,Consumer,2
903,Emma Baker,Consumer,5
904,Isla Young,Corporate,4
905,Ava Scott,Consumer,4
906,Nora King,Consumer,1
907,Ethan Ward,Consumer,6
908,Henry Thomas,Consumer,4
909,Mila Brown,Corporate,2
910,Mila Campbell,Consumer,5
911,Ella Ward,Consumer,3
912,Aiden Walker,Consumer,4
913,Mila Clark,Consumer,1
914,Emma Wilson,Home Office,3
915,Noah Johnson,Consumer,6
916,Mia Young,Consumer,5
917,Emma Taylor,Corporate,3
918,Isla Cooper,Home Office,6
919,Leo Wilson,Consumer,4
920,Lucas Hall,Consumer,6
921,James Baker,Consumer,4
922,Sofia Adams,Consumer,5
923,Leo Clark,Home Office,2
924,Jack Hill,Consumer,1
925,Sofia Wilson,Consumer,2
926,Nora Clark,Consumer,1
927,Mila Taylor,Consumer,6
928,Layla Young,Consumer,6
929,Henry Clark,Consumer,3
930,Amelia Johnson,Corporate,4
931,Aiden Harris,Consumer,2
932,Mason Hall,Home Office,6
933,Ella Thomas,Consumer,6
934,Zoe Harris,Consumer,6
935,Emma Baker,Consumer,4
936,James King,Consumer,4
937,Nora Green,Corporate,3
938,James Johnson,Consumer,2
939,Lucas Roberts,Home Office,1
940,Mason Taylor,Consumer,4
941,Zoe Campbell,Corporate,6
942,Ella Brown,Corporate,3
943,Evelyn Evans,Consumer,5
944,Mila Green,Home Office,1
945,Henry Smith,Consumer,4
946,Noah Phillips,Consumer,3
947,Ethan Thomas,Corporate,1
948,Olivia Phillips,Consumer,1
949,Jack Evans,Consumer,4
950,Liam Campbell,Consumer,6
951,Scarlett King,Consumer,2
952,Mason Wright,Consumer,2
953,Mason Campbell,Home Office,5
954,Zoe Thomas,Consumer,2
955,Ethan Turner,Corporate,5
956,Olivia Phillips,Consumer,3
957,Nora Scott,Corporate,2
958,Ava Roberts,Consumer,6
959,Zoe Wilson,Home Office,3
960,Olivia King,Home Office,6
961,Amelia Phillips,Consumer,5
962,Sophia Taylor,Consumer,4
963,Evelyn Parker,Consumer,1
964,Ava Wilson,Consumer,5
965,Ava Harris,Consumer,6
966,Chloe Phillips,Consumer,6
967,Isla Wright,Consumer,2
968,Ethan Smith,Corporate,2
969,Sophia Roberts,Consumer,5
970,Noah Wilson,Consumer,4
971,Sofia Clark,Home Office,3
972,Grace Taylor,Corporate,6
973,Sofia Brown,Consumer,5
974,Harper Hall,Corporate,6
975,Scarlett Harris,Home Office,5
976,Grace Wright,Corporate,2
977,Emma Hall,Consumer,2
978,Grace Thomas,Home Office,3
979,Henry Johnson,Corporate,6
980,Sofia Phillips,Consumer,5
981,Hazel Parker,Consumer,6
982,Evelyn Allen,Consumer,3
983,Mia Hall,Corporate,6
984,Mila Smith,Consumer,3
985,Noah Young,Consumer,6
986,Zoe Lewis,Home Office,5
987,Aria Baker,Consumer,3
988,Emma Young,Corporate,5
989,Aiden Ward,Home Office,4
990,Ella Brown,Consumer,1
991,Nora Brown,Home Office,5
992,Ethan Scott,Corporate,2
993,Olivia Brown,Consumer,4
994,Olivia Roberts,Home Office,1
995,Henry Green,Consumer,1
996,Jack King,Home Office,2
997,Aiden White,Corporate,5
998,Lucas Scott,Consumer,2
999,Grace Walker,Corporate,4
1000,Ella Allen,Consumer,6
1001,Henry Clark,Consumer,5
1002,Emma Phillips,Consumer,4
1003,Aiden Taylor,Consumer,2
1004,Zoe Green,Consumer,4
1005,Mila Cooper,Consumer,5
1006,Scarlett King,Corporate,1
1007,Sofia Parker,Consumer,2
1008,Mason Clark,Consumer,5
1009,Ella Cooper,Consumer,1
1010,Isla Clark,Consumer,6
1011,Ethan Campbell,Consumer,5
1012,Ella Lewis,Consumer,2
1013,Aria Hill,Consumer,5
1014,Emma White,Consumer,2
1015,Aria White,Home Office,3
1016,Evelyn Roberts,Consumer,1
1017,James Wilson,Home Office,2
1018,Evelyn Ward,Consumer,1
1019,Harper Brown,Corporate,5
1020,Liam Campbell,Consumer,3
1021,Liam Brown,Consumer,3
1022,Aria Taylor,Consumer,2
1023,Sofia Hill,Consumer,2
1024,James Phillips,Home Office,5
1025,Olivia King,Consumer,4
1026,Noah Wright,Home Office,1
1027,Leo King,Consumer,2
1028,Ethan Baker,Consumer,4
1029,Emma Clark,Consumer,5
1030,James Parker,Home Office,1
1031,Evelyn Turner,Consumer,2
1032,Aria Parker,Consumer,5
1033,Hazel Hill,Consumer,2
1034,Noah Walker,Home Office,4
1035,Henry Walker,Consumer,6
1036,James Taylor,Home Office,1
1037,Jack Allen,Home Office,5
1038,Mason Wilson,Consumer,2
1039,Evelyn Young,Corporate,5
1040,Isla Parker,Consumer,3
1041,Emma Harris,Consumer,4
1042,Zoe King,Home Office,3
1043,James Taylor,Corporate,3
1044,Scarlett Roberts,Consumer,2
1045,Jack Thomas,Consumer,6
1046,Chloe Clark,Consumer,1
1047,Zoe King,Corporate,1
1048,Scarlett Campbell,Consumer,6
1049,Henry Scott,Consumer,2
1050,Evelyn Green,Consumer,5
1051,Leo Smith,Consumer,4
1052,Henry Ward,Consumer,4
1053,Evelyn Campbell,Consumer,5
1054,Aiden Roberts,Home Office,2
1055,Ava Davies,Consumer,5
1056,Amelia Adams,Consumer,2
1057,Scarlett Walker,Consumer,2
1058,Hazel White,Consumer,1
1059,James Smith,Consumer,5
1060,Sophia Parker,Consumer,5
1061,Olivia Wright,Corporate,6
1062,Evelyn Lewis,Corporate,6
1063,Liam Wilson,Consumer,6
1064,Sofia Green,Consumer,2
1065,Ava Brown,Corporate,5
1066,Sofia Allen,Consumer,4
1067,Mason Lewis,Home Office,3
1068,Aria Hall,Consumer,4
1069,Ethan Davies,Consumer,2
1070,James Walker,Consumer,6
1071,Sofia White,Consumer,6
1072,Scarlett Wright,Consumer,4
1073,Henry Brown,Consumer,5
1074,Nora Johnson,Consumer,3
1075,Olivia Davies,Consumer,6
1076,Scarlett Scott,Consumer,6
1077,Noah Baker,Consumer,3
1078,Liam Roberts,Consumer,2
1079,Ella Baker,Consumer,1
1080,Aria Young,Consumer,6
1081,Henry Hall,Consumer,5
1082,Aria Roberts,Consumer,5
1083,Mason Turner,Consumer,1
1084,Grace Taylor,Consumer,1
1085,James Clark,Home Office,5
1086,Emma Walker,Corporate,6
1087,Evelyn Baker,Consumer,1
1088,Jack Young,Consumer,2
1089,Grace Baker,Consumer,4
1090,Mia Johnson,Consumer,3
1091,Isla Lewis,Corporate,6
1092,Henry Johnson,Home Office,2
1093,Ava Evans,Consumer,6
1094,Mia Evans,Consumer,3
1095,Scarlett Wilson,Home Office,6
1096,Scarlett Roberts,Consumer,1
1097,Mia White,Consumer,4
1098,Emma Smith,Corporate,2
1099,Harper Hill,Corporate,5
1100,Aria Davies,Corporate,6
1101,Olivia Lewis,Consumer,3
1102,Leo Adams,Consumer,1
1103,Isla Allen,Corporate,2
1104,Leo Campbell,Consumer,2
1105,Evelyn Phillips,Consumer,1
1106,James Brown,Corporate,5
1107,Lucas Parker,Consumer,4
1108,Sofia Johnson,Consumer,1
1109,Aria Smith,Home Office,1
1110,Ella Ward,Consumer,2
1111,Liam Parker,Consumer,1
1112,Ethan Wright,Consumer,4
1113,Aria Wright,Consumer,2
1114,Lucas Adams,Consumer,3
1115,Mila Clark,Home Office,2
1116,Mia Taylor,Consumer,4
1117,Lucas Smith,Consumer,3
1118,Ethan Davies,Corporate,4
1119,Chloe Scott,Consumer,5
1120,Ella Campbell,Consumer,4
1121,Aiden Ward,Consumer,6
1122,James Brown,Consumer,4
1123,Aria Parker,Consumer,4
1124,Emma Thomas,Consumer,3
1125,Aria Wright,Consumer,5
1126,Lucas Allen,Home Office,3
1127,Liam Lewis,Consumer,2
1128,Zoe Walker,Consumer,3
1129,Sofia White,Consumer,6
1130,Isla White,Consumer,3
1131,Scarlett Davies,Corporate,4
1132,Liam Allen,Consumer,2
1133,Mila Taylor,Consumer,5
1134,Grace Allen,Corporate,6
1135,Mason Cooper,Consumer,6
1136,Scarlett Harris,Corporate,3
1137,James Hill,Consumer,3
1138,Layla Green,Home Office,6
1139,Layla Wilson,Consumer,3
1140,Isla Taylor,Corporate,3
1141,Olivia Roberts,Consumer,6
1142,Mason Davies,Home Office,1
1143,Henry Wilson,Consumer,3
1144,Scarlett Turner,Consumer,6
1145,Mila Brown,Consumer,5
1146,Sophia Turner,Corporate,3
1147,Mila Young,Home Office,3
1148,Ella Turner,Consumer,4
1149,Jack Turner,Consumer,2
1150,Jack Hall,Consumer,3
1151,Evelyn Ward,Consumer,3
1152,Nora Wright,Consumer,5
1153,Mila Green,Consumer,5
1154,Henry White,Consumer,2
1155,Zoe Green,Consumer,4
1156,Ethan Wilson,Corporate,6
1157,Ella Brown,Consumer,4
1158,Harper Hall,Consumer,5
1159,Mila Walker,Corporate,6
1160,Chloe Roberts,Consumer,6
1161,Jack Johnson,Consumer,1
1162,James Allen,Corporate,4
1163,Liam Walker,Consumer,1
1164,Ella Hall,Corporate,6
1165,Noah Johnson,Corporate,6
1166,James Campbell,Consumer,4
1167,Mia Brown,Consumer,6
1168,Mila Parker,Consumer,4
1169,Zoe Brown,Corporate,3
1170,Henry Scott,Consumer,2
1171,Grace Lewis,Consumer,2
1172,Ella Wright,Consumer,2
1173,Leo Phillips,Consumer,6
1174,Sofia Cooper,Consumer,2
1175,Noah Hall,Consumer,5
1176,Hazel Phillips,Consumer,6
1177,Jack Green,Consumer,6
1178,Mason White,Consumer,5
1179,Henry Young,Consumer,6
1180,Grace Wilson,Consumer,2
1181,Noah Hall,Corporate,2
1182,Emma Phillips,Consumer,2
1183,Nora Campbell,Consumer,2
1184,Ethan Adams,Corporate,6
1185,Liam Allen,Consumer,5
1186,Mila Davies,Corporate,1
1187,Noah Thomas,Consumer,3
1188,Aiden Hall,Consumer,1
1189,Ella Allen,Home Office,1
1190,Grace Scott,Consumer,2
1191,Sophia Harris,Consumer,1
1192,James Ward,Home Office,2
1193,Mia Lewis,Consumer,6
1194,Aria Turner,Home Office,6
1195,Ethan Baker,Corporate,6
1196,Henry Johnson,Consumer,2
1197,Chloe Green,Consumer,1
1198,Mila White,Consumer,6
1199,Liam White,Corporate,5
1200,Emma King,Home Office,6
1201,Evelyn Lewis,Consumer,2
1202,Mia Roberts,Consumer,3
1203,Sofia Parker,Consumer,1
1204,Evelyn Ward,Consumer,6
1205,Henry Parker,Consumer,2
1206,Olivia White,Consumer,2
1207,Liam Wright,Consumer,5
1208,Evelyn Wilson,Consumer,5
1209,Hazel Harris,Consumer,6
1210,Mia Green,Consumer,4
1211,Aiden Baker,Consumer,6
1212,Lucas Wilson,Home Office,4
1213,Henry Adams,Consumer,5
1214,Liam Walker,Consumer,5
1215,Leo Lewis,Consumer,2
1216,Mila Phillips,Home Office,6
1217,Ethan Campbell,Consumer,3
1218,Olivia Baker,Home Office,2
1219,Aiden Campbell,Consumer,6
1220,Sofia Baker,Corporate,6
1221,Hazel Allen,Consumer,4
1222,Liam Green,Consumer,3
1223,Evelyn Clark,Consumer,5
1224,Grace Harris,Consumer,6
1225,Ava Harris,Corporate,4
1226,Mia Davies,Consumer,5
1227,Mason White,Consumer,2
1228,Scarlett Young,Consumer,4
1229,Mason Thomas,Corporate,2
1230,Olivia Wilson,Consumer,3
1231,Liam Walker,Consumer,6
1232,Zoe Phillips,Corporate,1
1233,Emma Allen,Corporate,4
1234,Scarlett King,Corporate,6
1235,Layla Hill,Consumer,6
1236,Nora Allen,Consumer,4
1237,Noah Baker,Consumer,1
1238,Ethan Cooper,Home Office,2
1239,Scarlett Scott,Consumer,4
1240,Olivia Scott,Consumer,3
1241,Lucas Wilson,Consumer,1
1242,Sophia Davies,Consumer,1
1243,Layla Adams,Home Office,6
1244,Scarlett Scott,Consumer,5
1245,Chloe Cooper,Home Office,6
1246,Sophia Hill,Corporate,2
1247,Ella Johnson,Corporate,2
1248,Aria Harris,Consumer,6
1249,Evelyn Hill,Consumer,6
1250,Isla Hall,Consumer,6
1251,Henry Walker,Consumer,6
1252,Scarlett Hill,Consumer,3
1253,Chloe Hall,Corporate,6
1254,Isla King,Home Office,6
1255,Isla Walker,Consumer,1
1256,Chloe Phillips,Consumer,1
1257,Harper Cooper,Consumer,2
1258,Layla Evans,Consumer,2
1259,James Baker,Consumer,1
1260,Jack Hall,Corporate,6
1261,Ella Turner,Consumer,6
1262,Mia Turner,Corporate,2
1263,Lucas Allen,Consumer,2
1264,Grace Clark,Consumer,2
1265,Sophia Campbell,Consumer,2
1266,Mason Phillips,Consumer,5
1267,Henry Wilson,Corporate,2
1268,Zoe Roberts,Consumer,1
1269,Noah Green,Consumer,6
1270,Harper Parker,Consumer,1
1271,James King,Consumer,2
1272,Hazel Taylor,Consumer,6
1273,Aiden Parker,Consumer,4
1274,Grace Parker,Consumer,1
1275,Emma Walker,Consumer,2
1276,Liam Turner,Consumer,1
1277,Sophia Roberts,Corporate,2
1278,Ella Cooper,Consumer,1
1279,Grace Wilson,Corporate,3
1280,Layla Clark,Consumer,4
1281,Liam Ward,Home Office,5
1282,Isla Campbell,Consumer,2
1283,Ella Cooper,Home Office,6
1284,James Ward,Consumer,6
1285,Ava Clark,Consumer,2
1286,Noah Lewis,Consumer,5
1287,Grace Harris,Corporate,4
1288,Isla Lewis,Corporate,3
1289,Liam Harris,Consumer,3
1290,Isla Smith,Corporate,3
1291,Ethan Ward,Consumer,1
1292,Emma Campbell,Consumer,6
1293,Aiden Green,Consumer,4
1294,Ethan Phillips,Consumer,4
1295,Olivia Wilson,Consumer,2
1296,Noah Walker,Consumer,3
1297,Hazel Campbell,Consumer,1
1298,Harper Adams,Consumer,2
1299,Layla Wilson,Consumer,2
1300,Scarlett Adams,Consumer,6
1301,Harper Hall,Home Office,6
1302,Henry Smith,Consumer,4
1303,Nora Brown,Corporate,3
1304,Ava Roberts,Consumer,3
1305,Mason Campbell,Corporate,4
1306,Olivia King,Consumer,6
1307,Sofia Scott,Consumer,5
1308,Grace Clark,Home Office,2
1309,Emma Turner,Consumer,2
1310,Mia Thomas,Home Office,1
1311,Mia Taylor,Consumer,6
1312,Noah Thomas,Consumer,5
1313,Aria Green,Consumer,3
1314,Chloe Scott,Consumer,1
1315,Ella Brown,Consumer,6
1316,Emma Campbell,Consumer,2
1317,Nora Young,Home Office,2
1318,Henry King,Consumer,3
1319,Ava Green,Consumer,5
1320,Grace Wright,Consumer,4
1321,Isla Adams,Home Office,4
1322,Olivia Walker,Consumer,5
1323,Aria Smith,Consumer,6
1324,Henry Harris,Consumer,1
1325,Isla Wright,Consumer,3
1326,Aria Davies,Home Office,4
1327,Evelyn Baker,Consumer,4
1328,Liam Allen,Consumer,1
1329,James Brown,Consumer,4
1330,Grace King,Consumer,6
1331,Grace Phillips,Consumer,1
1332,Grace King,Consumer,2
1333,Ava Lewis,Consumer,5
1334,Zoe Young,Consumer,4
1335,Noah Green,Consumer,2
1336,Lucas Harris,Consumer,6
1337,Amelia Hill,Consumer,5
1338,Ava Harris,Consumer,5
1339,Chloe Brown,Consumer,5
1340,James Thomas,Consumer,6
1341,Sofia Baker,Consumer,1
1342,Mila Taylor,Consumer,6
1343,Scarlett Wright,Consumer,5
1344,Sofia Turner,Consumer,3
1345,Ethan Wilson,Consumer,6
1346,Noah Harris,Consumer,6
1347,Leo White,Consumer,4
1348,Layla Green,Corporate,2
1349,Sophia Campbell,Home Office,6
1350,Scarlett Baker,Consumer,5
1351,Ella Adams,Home Office,2
1352,Harper Green,Corporate,1
1353,Sophia Phillips,Consumer,5
1354,Olivia Brown,Consumer,6
1355,Aiden Turner,Consumer,3
1356,Ella Johnson,Consumer,3
1357,Mia Evans,Corporate,3
1358,Noah Phillips,Consumer,6
1359,Mason Cooper,Home Office,3
1360,Noah White,Consumer,1
1361,Hazel Walker,Consumer,1
1362,Grace Lewis,Home Office,1
1363,Layla King,Consumer,3
1364,Harper Roberts,Consumer,2
1365,Noah Turner,Corporate,5
1366,Mila Evans,Consumer,5
1367,Mia Harris,Corporate,6
1368,Zoe Turner,Consumer,5
1369,Noah Parker,Consumer,1
1370,Mila White,Consumer,5
1371,Amelia Taylor,Home Office,3
1372,Chloe Harris,Home Office,6
1373,Aria Cooper,Corporate,2
1374,Lucas Hill,Consumer,2
1375,Ella Cooper,Consumer,2
1376,Lucas White,Corporate,3
1377,Sophia Young,Corporate,1
1378,Aiden Young,Consumer,4
1379,James Ward,Consumer,4
1380,Chloe Allen,Consumer,4
1381,Amelia Phillips,Consumer,1
1382,Liam Hill,Home Office,4
1383,Aria Brown,Corporate,3
1384,Aria Scott,Home Office,5
1385,Layla Davies,Consumer,6
1386,Leo Walker,Home Office,5
1387,Ethan Taylor,Consumer,3
1388,Liam White,Corporate,1
1389,Evelyn Walker,Consumer,6
1390,Mia Hall,Consumer,4
1391,Henry Adams,Home Office,1
1392,Aria Davies,Consumer,2
1393,Aiden Hall,Corporate,4
1394,James Hall,Consumer,1
1395,Noah Hill,Consumer,4
1396,Zoe Ward,Consumer,2
1397,James Scott,Home Office,2
1398,Aria Roberts,Home Office,6
1399,Mila Phillips,Home Office,2
1400,Noah Brown,Consumer,3
1401,Evelyn Green,Consumer,1
1402,Lucas Harris,Consumer,5
1403,Grace Phillips,Consumer,2
1404,Sofia Baker,Consumer,2
1405,Sophia Smith,Corporate,3
1406,Olivia Parker,Consumer,6
1407,Henry Baker,Consumer,3
1408,Chloe Hall,Consumer,6
1409,Noah Wilson,Consumer,2
1410,Liam Thomas,Consumer,3
1411,Scarlett Green,Consumer,6
1412,James Harris,Corporate,3
1413,Lucas Wright,Consumer,6
1414,Noah Scott,Consumer,3
1415,Olivia Baker,Consumer,6
1416,Ella Harris,Corporate,6
1417,James Hall,Consumer,4
1418,Scarlett Brown,Consumer,3
1419,Jack Wilson,Consumer,1
1420,Grace Harris,Consumer,6
1421,Lucas White,Consumer,5
1422,Mila Roberts,Consumer,3
1423,Isla Taylor,Home Office,4
1424,Ava Hill,Consumer,5
1425,Sophia Young,Consumer,3
1426,Grace Lewis,Corporate,3
1427,Hazel King,Consumer,6
1428,Emma Roberts,Consumer,3
1429,Scarlett Roberts,Consumer,1
1430,Aiden Hall,Consumer,3
1431,Mason Scott,Consumer,5
1432,Mia Adams,Consumer,3
1433,Hazel Young,Corporate,1
1434,Mason Taylor,Consumer,1
1435,Olivia Parker,Home Office,1
1436,Liam Hall,Consumer,4
1437,Sophia Cooper,Corporate,4
1438,Aiden Hall,Consumer,6
1439,Liam Phillips,Home Office,6
1440,Evelyn Parker,Consumer,6
1441,Ethan Baker,Consumer,4
1442,James Adams,Consumer,5
1443,Liam King,Consumer,5
1444,Leo Walker,Corporate,5
1445,Nora Walker,Corporate,1
1446,Zoe Davies,Corporate,4
1447,Aiden Adams,Consumer,3
1448,Hazel Adams,Consumer,6
1449,Mila Davies,Consumer,6
1450,Chloe Harris,Consumer,4
1451,Grace Thomas,Consumer,4
1452,Emma Evans,Consumer,1
1453,Chloe Wilson,Home Office,1
1454,Isla Phillips,Consumer,6
1455,Harper Smith,Consumer,5
1456,James King,Corporate,5
1457,Jack Harris,Consumer,6
1458,Ella Phillips,Consumer,6
1459,Leo Wilson,Consumer,6
1460,Henry Cooper,Consumer,4
1461,Liam Brown,Consumer,5
1462,Mia Lewis,Consumer,6
1463,Aiden Hill,Consumer,4
1464,Harper Allen,Consumer,2
1465,Aria Turner,Consumer,3
1466,Aria Campbell,Consumer,2
1467,Jack Brown,Home Office,5
1468,Olivia White,Consumer,1
1469,Mila Brown,Consumer,1
1470,Ella Hall,Consumer,5
1471,Evelyn Allen,Consumer,1
1472,James Wilson,Corporate,1
1473,Nora Campbell,Consumer,6
1474,Scarlett King,Home Office,2
1475,Mila Wright,Consumer,6
1476,Sophia Turner,Consumer,1
1477,Olivia Clark,Consumer,4
1478,Grace Ward,Consumer,1
1479,Zoe Johnson,Corporate,1
1480,Layla Taylor,Consumer,2
1481,Grace Wilson,Consumer,4
1482,Mia Davies,Consumer,6
1483,Sophia White,Corporate,2
1484,Hazel Adams,Home Office,2
1485,Isla Harris,Consumer,3
1486,Grace Cooper,Consumer,1
1487,Mia Parker,Corporate,6
1488,Liam Roberts,Consumer,2
1489,Mason Green,Home Office,6
1490,Leo Roberts,Consumer,1
1491,Olivia Green,Home Office,3
1492,Mia Scott,Consumer,1
1493,Leo Brown,Consumer,5
1494,Grace Green,Consumer,4
1495,Sophia Wright,Consumer,3
1496,Jack Wilson,Consumer,4
1497,Sophia Baker,Corporate,4
1498,Henry Hill,Consumer,5
1499,Nora Scott,Consumer,1
1500,Ethan Campbell,Consumer,3
1501,Hazel Wright,Consumer,5
1502,Noah Campbell,Consumer,1
1503,Zoe Smith,Consumer,5
1504,Liam Johnson,Consumer,5
1505,Mila Turner,Home Office,6
1506,Jack Roberts,Consumer,2
1507,Mila Evans,Consumer,3
1508,Scarlett Wright,Corporate,5
1509,Aria Scott,Corporate,5
1510,Mila Smith,Consumer,3
1511,Harper Cooper,Consumer,5
1512,Mila King,Consumer,5
1513,Mia Green,Home Office,1
1514,Mia Young,Home Office,1
1515,Isla Phillips,Corporate,6
1516,Chloe Baker,Consumer,5
1517,Lucas Walker,Consumer,6
1518,Ella Brown,Consumer,3
1519,Aiden Johnson,Consumer,3
1520,Sophia Hall,Consumer,3
1521,Aria Young,Consumer,6
1522,Ella Evans,Corporate,6
1523,Ethan Scott,Consumer,6
1524,Olivia White,Consumer,5
1525,Zoe Adams,Consumer,6
1526,Ethan Hill,Home Office,6
1527,Zoe Harris,Consumer,2
1528,Lucas Wilson,Consumer,5
1529,Scarlett Harris,Consumer,6
1530,Grace King,Home Office,1
1531,Emma White,Corporate,5
1532,Isla Hall,Consumer,2
1533,Emma Roberts,Consumer,4
1534,Ella Thomas,Consumer,5
1535,Olivia Taylor,Consumer,3
1536,Noah Walker,Consumer,5
1537,Lucas Parker,Consumer,5
1538,Henry Clark,Corporate,4
1539,Isla Parker,Consumer,2
1540,Nora Davies,Consumer,1
1541,Layla White,Consumer,6
1542,Hazel Wright,Consumer,5
1543,Sofia White,Home Office,3
1544,Mason Turner,Consumer,3
1545,Sophia Young,Consumer,1
1546,Grace Hall,Consumer,2
1547,Harper Cooper,Consumer,4
1548,Mia Young,Consumer,4
1549,Ava Brown,Consumer,2
1550,Lucas Allen,Consumer,6
1551,Ella Thomas,Consumer,6
1552,Mason Wright,Consumer,4
1553,James Johnson,Consumer,1
1554,Noah Walker,Consumer,4
1555,Harper Scott,Consumer,6
1556,Nora Campbell,Corporate,1
1557,Mila Baker,Consumer,2
1558,Harper Walker,Home Office,5
1559,Leo Smith,Consumer,6
1560,Zoe Taylor,Home Office,5
1561,Aria Wilson,Consumer,2
1562,Nora Roberts,Consumer,2
1563,Sofia Harris,Consumer,5
1564,Scarlett Lewis,Consumer,4
1565,James Johnson,Consumer,5
1566,Lucas Johnson,Consumer,5
1567,Jack King,Consumer,3
1568,Mason Harris,Corporate,1
1569,Leo Walker,Consumer,6
1570,Liam Lewis,Consumer,1
1571,Grace Hall,Corporate,5
1572,Scarlett King,Consumer,1
1573,Amelia Campbell,Consumer,5
1574,Henry Baker,Consumer,2
1575,Henry Taylor,Corporate,4
1576,Olivia Taylor,Consumer,6
1577,Lucas Harris,Consumer,4
1578,Chloe White,Consumer,4
1579,Leo Harris,Consumer,4
1580,Scarlett Wilson,Consumer,2
1581,Mason Scott,Consumer,2
1582,Grace Lewis,Home Office,2
1583,Grace Johnson,Consumer,3
1584,Noah Johnson,Home Office,6
1585,Olivia Adams,Corporate,4
1586,Ethan Phillips,Consumer,2
1587,Harper Allen,Consumer,3
1588,Ella Wilson,Consumer,5
1589,Henry Cooper,Consumer,1
1590,Grace Wilson,Consumer,1
1591,Ethan Ward,Corporate,5
1592,Henry White,Home Office,5
1593,Sophia Lewis,Corporate,4
1594,Henry Hill,Consumer,4
1595,Layla Walker,Consumer,1
1596,Jack White,Consumer,3
1597,Grace Campbell,Consumer,6
1598,Grace King,Home Office,1
1599,Harper Adams,Consumer,1
1600,Jack Walker,Consumer,4
1601,Harper Campbell,Consumer,1
1602,Ava Harris,Consumer,1
1603,Ethan Baker,Consumer,4
1604,Emma Clark,Corporate,4
1605,Jack Walker,Consumer,1
1606,Chloe Cooper,Consumer,5
1607,Sofia Parker,Consumer,2
1608,Aiden Green,Corporate,6
1609,Ava Scott,Corporate,4
1610,Harper Roberts,Consumer,3
1611,Mila Phillips,Consumer,3
1612,Scarlett Wright,Consumer,5
1613,Jack Thomas,Home Office,3
1614,Sofia Johnson,Consumer,1
1615,Jack Young,Corporate,1
1616,Sophia Allen,Consumer,5
1617,Mila Hill,Consumer,5
1618,Henry Turner,Consumer,5
1619,Layla Lewis,Home Office,3
1620,Olivia Campbell,Consumer,2
1621,Evelyn Thomas,Home Office,4
1622,Noah Wright,Consumer,3
1623,Aiden Taylor,Consumer,3
1624,Mason Smith,Consumer,1
1625,Ella White,Consumer,6
1626,Aria Wilson,Consumer,3
1627,Aria Adams,Home Office,1
1628,Mason Clark,Consumer,3
1629,Grace Turner,Consumer,5
1630,Henry Ward,Consumer,5
1631,Harper Parker,Home Office,6
1632,Zoe Hill,Home Office,5
1633,Sofia Johnson,Consumer,1
1634,Aiden Wilson,Consumer,4
1635,Grace Evans,Consumer,3
1636,Leo White,Consumer,1
1637,Evelyn Young,Corporate,1
1638,Grace Lewis,Consumer,2
1639,Ethan Davies,Consumer,4
1640,Ella Ward,Consumer,6
1641,Leo White,Corporate,3
1642,Leo Harris,Consumer,4
1643,Evelyn Turner,Home Office,4
1644,Zoe Hill,Consumer,3
1645,Evelyn Green,Consumer,1
1646,Chloe Adams,Consumer,3
1647,Amelia Scott,Home Office,1
1648,Harper Evans,Consumer,5
1649,Isla Roberts,Consumer,6
1650,Leo Walker,Consumer,3
1651,Isla Walker,Corporate,6
1652,Scarlett Walker,Home Office,2
1653,Aiden Evans,Home Office,1
1654,Aiden Adams,Consumer,6
1655,Harper White,Consumer,5
1656,Harper Harris,Consumer,3
1657,Leo Ward,Home Office,4
1658,Hazel Phillips,Consumer,5
1659,Sofia Roberts,Home Office,6
1660,Mia Taylor,Home Office,1
1661,Jack Baker,Corporate,1
1662,Leo Lewis,Consumer,2
1663,Nora Lewis,Consumer,3
1664,Layla Harris,Consumer,3
1665,Scarlett Phillips,Home Office,4
1666,Olivia Walker,Consumer,3
1667,Noah Walker,Consumer,3
1668,Aiden Brown,Corporate,6
1669,James Ward,Consumer,4
1670,Ella Green,Consumer,6
1671,Amelia Hill,Consumer,6
1672,Harper Evans,Consumer,6
1673,Mason Campbell,Home Office,3
1674,Leo Roberts,Consumer,4
1675,Hazel King,Consumer,2
1676,Aiden Roberts,Consumer,4
1677,Olivia Taylor,Consumer,1
1678,Henry Hill,Consumer,5
1679,Jack Thomas,Consumer,2
1680,Isla Johnson,Consumer,1
1681,Evelyn Cooper,Consumer,1
1682,Grace Thomas,Consumer,2
1683,Mila Thomas,Consumer,1
1684,Noah Taylor,Consumer,4
1685,Aria White,Corporate,3
1686,Aiden Young,Consumer,1
1687,Emma Baker,Consumer,1
1688,Scarlett Wilson,Consumer,4
1689,Ava King,Consumer,6
1690,Hazel Davies,Consumer,6
1691,Aria Green,Consumer,1
1692,Hazel Cooper,Consumer,2
1693,Nora Young,Consumer,5
1694,Harper Green,Corporate,6
1695,Mason Turner,Consumer,2
1696,Mia White,Consumer,1
1697,Mia Green,Consumer,1
1698,Noah Ward,Consumer,2
1699,Scarlett Brown,Corporate,6
1700,Mila Wright,Consumer,6
1701,Isla King,Consumer,3
1702,Sofia Hill,Consumer,1
1703,Zoe Ward,Consumer,5
1704,Noah Ward,Consumer,3
1705,Hazel Davies,Consumer,3
1706,Aria Cooper,Consumer,3
1707,Layla Davies,Home Office,1
1708,Hazel Ward,Corporate,4
1709,Noah Campbell,Consumer,2
1710,Lucas Phillips,Consumer,2
1711,Harper Davies,Corporate,2
1712,Hazel Hill,Consumer,5
1713,Zoe Ward,Home Office,3
1714,Mia Cooper,Consumer,1
1715,Noah Smith,Corporate,3
1716,Mia Wright,Consumer,6
1717,Henry Taylor,Corporate,6
1718,Hazel White,Consumer,2
1719,Mia Hall,Home Office,3
1720,Mila King,Corporate,2
1721,Grace Young,Corporate,3
1722,Nora Wilson,Consumer,3
1723,Zoe Allen,Corporate,6
1724,Ella Roberts,Consumer,6
1725,Mason Phillips,Consumer,5
1726,Emma White,Consumer,3
1727,Sophia Hill,Consumer,3
1728,Ella Green,Consumer,6
1729,Amelia Adams,Consumer,5
1730,Sophia Smith,Consumer,1
1731,Sofia White,Home Office,6
1732,Chloe Walker,Home Office,6
1733,Jack Baker,Consumer,2
1734,Scarlett Evans,Consumer,5
1735,Sophia Scott,Consumer,3
1736,Zoe Green,Consumer,4
1737,Nora Lewis,Consumer,1
1738,Layla Clark,Consumer,4
1739,Grace White,Corporate,2
1740,Liam Lewis,Consumer,1
1741,Evelyn Taylor,Consumer,6
1742,Sophia Wilson,Corporate,2
1743,Harper White,Corporate,4
1744,Hazel Thomas,Consumer,5
1745,Ava Roberts,Consumer,4
1746,Lucas Thomas,Consumer,2
1747,Ella Turner,Consumer,4
1748,Amelia White,Consumer,2
1749,Mia Wright,Consumer,4
1750,Sofia Wright,Consumer,5
1751,Ava Roberts,Home Office,4
1752,Mila Harris,Consumer,2
1753,Aiden Thomas,Consumer,1
1754,Noah Baker,Consumer,4
1755,Emma Hall,Home Office,4
1756,Mia Davies,Consumer,2
1757,Lucas Baker,Consumer,6
1758,Grace Ward,Consumer,6
1759,Nora Cooper,Consumer,6
1760,Aiden Turner,Home Office,5
1761,Mia Adams,Consumer,4
1762,Emma Green,Consumer,2
1763,Hazel Walker,Consumer,2
1764,James Scott,Consumer,4
1765,Isla Thomas,Consumer,3
1766,Olivia Young,Consumer,1
1767,Olivia Hall,Consumer,2
1768,Sofia Scott,Consumer,2
1769,James Clark,Corporate,3
1770,Aiden King,Consumer,1
1771,Hazel Young,Corporate,5
1772,Scarlett King,Consumer,6
1773,Chloe Baker,Home Office,1
1774,Layla Evans,Consumer,3
1775,Scarlett Thomas,Consumer,5
1776,Evelyn Turner,Home Office,6
1777,Henry Parker,Consumer,5
1778,Chloe Brown,Consumer,6
1779,Grace Hall,Home Office,2
1780,Grace Adams,Consumer,2
1781,James Brown,Corporate,1
1782,Hazel Wright,Consumer,4
1783,Emma Johnson,Corporate,2
1784,Layla King,Consumer,5
1785,Nora Allen,Consumer,3
1786,Mason Wright,Consumer,6
1787,Leo Wilson,Consumer,6
1788,Sophia White,Corporate,6
1789,Zoe Allen,Home Office,5
1790,Ella Taylor,Consumer,3
1791,Evelyn Evans,Corporate,5
1792,Aiden Wright,Consumer,4
1793,Harper Brown,Consumer,4
1794,Nora Allen,Consumer,3
1795,Ella Phillips,Consumer,5
1796,Noah Hall,Consumer,3
1797,Olivia Allen,Corporate,2
1798,Aria Hall,Consumer,6
1799,Jack Johnson,Home Office,5
1800,Leo Hall,Consumer,6
1801,Evelyn Phillips,Consumer,6
1802,Mia Hill,Consumer,3
1803,Ava Lewis,Consumer,4
1804,Amelia Campbell,Consumer,2
1805,Ava Hill,Home Office,6
1806,Mason Wright,Corporate,2
1807,Liam Johnson,Corporate,6
1808,Aria Harris,Corporate,1
1809,Aiden Brown,Corporate,6
1810,Leo Johnson,Consumer,3
1811,Hazel Cooper,Consumer,5
1812,Liam Ward,Consumer,1
1813,Harper Johnson,Home Office,6
1814,Mia Clark,Home Office,1
1815,Sophia Turner,Consumer,2
1816,Olivia Turner,Corporate,5
1817,Mila Hill,Consumer,6
1818,Mila Clark,Consumer,6
1819,James Cooper,Corporate,5
1820,Lucas Hall,Consumer,5
1821,Zoe Ward,Consumer,6
1822,Hazel Lewis,Corporate,1
1823,Lucas Brown,Corporate,3
1824,Evelyn Baker,Consumer,3
1825,Zoe King,Consumer,6
1826,Olivia Green,Corporate,2
1827,Zoe Harris,Consumer,4
1828,Emma Davies,Corporate,3
1829,Leo Lewis,Corporate,6
1830,Grace Wilson,Corporate,1
1831,Sofia Thomas,Corporate,5
1832,Layla Smith,Home Office,3
1833,Scarlett Smith,Consumer,5
1834,Mia Hall,Home Office,3
1835,Evelyn Hill,Home Office,1
1836,Leo Clark,Consumer,5
1837,Leo Lewis,Consumer,2
1838,Layla Thomas,Consumer,6
1839,Isla Hall,Consumer,5
1840,James Wilson,Consumer,1
1841,Amelia Evans,Home Office,4
1842,Hazel Cooper,Consumer,3
1843,Sofia Turner,Consumer,3
1844,Emma Johnson,Home Office,3
1845,Chloe Baker,Consumer,4
1846,Aria Scott,Home Office,1
1847,Scarlett Ward,Consumer,2
1848,Nora Cooper,Consumer,5
1849,Ava Thomas,Consumer,3
1850,Mason Brown,Consumer,6
1851,Emma Scott,Consumer,6
1852,Noah Hall,Consumer,3
1853,Henry Baker,Corporate,2
1854,Aiden Parker,Consumer,4
1855,Noah Thomas,Home Office,4
1856,Sofia Johnson,Home Office,3
1857,Lucas Hall,Consumer,3
1858,Isla King,Consumer,2
1859,Mason Turner,Consumer,2
1860,Zoe Turner,Corporate,6
1861,Noah Wilson,Consumer,5
1862,Grace Walker,Consumer,1
1863,Isla Campbell,Home Office,5
1864,Hazel Hill,Consumer,3
1865,Jack White,Consumer,4
1866,Jack Scott,Consumer,3
1867,Scarlett Baker,Consumer,5
1868,Layla White,Home Office,1
1869,Isla Walker,Consumer,2
1870,Nora Wilson,Consumer,2
1871,Evelyn Allen,Corporate,3
1872,Isla Clark,Consumer,3
1873,Mia Roberts,Consumer,5
1874,Noah King,Home Office,6
1875,Jack Cooper,Corporate,1
1876,Sofia Ward,Home Office,3
1877,Sophia Green,Home Office,4
1878,Evelyn Clark,Consumer,5
1879,Leo Young,Home Office,4
1880,Noah Harris,Consumer,6
1881,Mila Baker,Consumer,5
1882,Lucas Phillips,Consumer,1
1883,Grace White,Corporate,2
1884,Aiden Clark,Corporate,3
1885,Aria Wilson,Consumer,1
1886,Mia Lewis,Consumer,2
1887,Sophia Turner,Consumer,1
1888,Leo Young,Consumer,4
1889,Isla Parker,Consumer,3
1890,Isla Walker,Home Office,6
1891,Zoe Adams,Consumer,4
1892,Olivia Phillips,Home Office,1
1893,Ella Ward,Consumer,1
1894,Noah King,Consumer,2
1895,Aria Clark,Corporate,1
1896,Leo Allen,Consumer,1
1897,Olivia Lewis,Consumer,1
1898,Isla Roberts,Consumer,6
1899,Mason White,Consumer,6
1900,Mila Brown,Home Office,1
1901,Hazel Hall,Corporate,2
1902,Zoe Harris,Corporate,1
1903,Liam King,Consumer,1
1904,Sofia Campbell,Home Office,5
1905,Mason Johnson,Corporate,6
1906,Amelia Lewis,Consumer,6
1907,Evelyn Scott,Consumer,2
1908,Henry Johnson,Consumer,3
1909,Zoe Brown,Consumer,4
1910,Mason Phillips,Consumer,5
1911,Scarlett Wright,Consumer,2
1912,Sofia Baker,Corporate,6
1913,Leo Evans,Consumer,5
1914,Harper Evans,Consumer,4
1915,Zoe Ward,Consumer,3
1916,Ethan Walker,Consumer,1
1917,Hazel Smith,Home Office,6
1918,Mason Ward,Consumer,3
1919,Mason Hill,Consumer,2
1920,Emma Hill,Consumer,6
1921,Scarlett Young,Consumer,5
1922,Hazel Thomas,Consumer,6
1923,Aiden Scott,Consumer,5
1924,Aiden Evans,Consumer,4
1925,Lucas Ward,Home Office,1
1926,Isla King,Home Office,6
1927,Ethan Turner,Corporate,4
1928,Mia Lewis,Consumer,1
1929,Ella King,Consumer,2
1930,Mila Harris,Consumer,3
1931,Mia Roberts,Corporate,4
1932,James Allen,Consumer,3
1933,Nora Young,Consumer,2
1934,Ella Taylor,Consumer,2
1935,Chloe Hill,Corporate,4
1936,Harper Turner,Corporate,3
1937,Layla White,Consumer,2
1938,Hazel Evans,Consumer,6
1939,James White,Home Office,1
1940,Aria Johnson,Corporate,3
1941,Jack Parker,Corporate,1
1942,Isla Hill,Consumer,2
1943,Olivia Smith,Consumer,4
1944,Amelia King,Consumer,3
1945,Hazel Wright,Consumer,1
1946,Jack Hill,Home Office,1
1947,Aria Walker,Consumer,1
1948,Olivia Evans,Consumer,1
1949,Ethan Thomas,Consumer,6
1950,Lucas Wright,Consumer,6
1951,Layla Thomas,Consumer,5
1952,Harper King,Consumer,6
1953,Mila Baker,Consumer,4
1954,Ethan Roberts,Home Office,1
1955,Scarlett Campbell,Consumer,2
1956,Harper Hill,Consumer,5
1957,Mila Hill,Corporate,6
1958,Harper Hall,Home Office,4
1959,Sophia Hill,Consumer,1
1960,Chloe Harris,Consumer,3
1961,Sophia Wilson,Home Office,5
1962,Sofia King,Consumer,3
1963,Harper Davies,Consumer,6
1964,Hazel Cooper,Consumer,4
1965,Leo Green,Consumer,6
1966,Noah Allen,Corporate,5
1967,Noah Campbell,Consumer,3
1968,Zoe Brown,Consumer,6
1969,Layla Baker,Home Office,6
1970,Noah Turner,Corporate,4
1971,Ava Clark,Corporate,6
1972,Olivia Campbell,Consumer,3
1973,Mila Thomas,Consumer,3
1974,Liam Adams,Corporate,3
1975,Olivia Smith,Consumer,3
1976,Mason Allen,Corporate,2
1977,Ella Harris,Consumer,4
1978,Noah Scott,Corporate,2
1979,Mila Baker,Consumer,4
1980,Hazel Scott,Corporate,6
1981,Hazel Young,Consumer,6
1982,Evelyn Young,Home Office,3
1983,Ava Smith,Corporate,4
1984,Leo King,Consumer,2
1985,Aria Smith,Consumer,1
1986,Ava Allen,Consumer,1
1987,Sofia Roberts,Consumer,6
1988,Leo Walker,Corporate,5
1989,Ava Allen,Consumer,4
1990,Layla Adams,Consumer,5
1991,Evelyn Clark,Corporate,5
1992,Chloe Ward,Consumer,6
1993,Sophia Taylor,Consumer,3
1994,Hazel Taylor,Home Office,1
1995,Grace Wilson,Consumer,1
1996,Isla Evans,Consumer,6
1997,Henry Allen,Consumer,3
1998,Amelia Campbell,Consumer,6
1999,James Roberts,Consumer,6
2000,Chloe Lewis,Corporate,5
